ext,fname,lname,email,title,location,password,phone_password,voicemail_password,mac_address
200,Scott,Griepentrog,scott.griepentrog@example.com,,,5551212,notasecret,12341234,
201,Clifford,Gibson,clifford.gibson@example.org,,,Ul.76290,Ul.76290,32685104,
202,Tara,Hamill,tara.hamill@example.org,,,Ul.09389,Ul.09389,17727245,
203,Emilia,Mertz,emilia.mertz@example.org,,,Ul.02764,Ul.02764,53554419,
204,Carter,Ryan,carter.ryan@example.org,,,Ul.90718,Ul.90718,48412612,
205,Pearlie,Gorczany,pearlie.gorczany@example.org,,,Ul.32805,Ul.32805,20481848,
206,Beulah,Feeney,beulah.feeney@example.org,,,Ul.59925,Ul.59925,88119756,
207,Mason,White,mason.white@example.org,,,Ul.07388,Ul.07388,58787863,
208,Madisen,Legros,madisen.legros@example.org,,,Ul.32399,Ul.32399,17296399,
209,Alana,Boyle,alana.boyle@example.org,,,Ul.00724,Ul.00724,38182875,
210,Alvena,Dare,alvena.dare@example.org,,,Ul.88771,Ul.88771,77838346,
211,Helene,Bartell,helene.bartell@example.org,,,Ul.44264,Ul.44264,86926946,
212,Manuel,Christiansen,manuel.christiansen@example.org,,,Ul.14263,Ul.14263,52567014,
213,Tillman,Wiegand,tillman.wiegand@example.org,,,Ul.56393,Ul.56393,13600561,
214,Neal,Wintheiser,neal.wintheiser@example.org,,,Ul.74468,Ul.74468,66020759,
215,Delpha,Herzog,delpha.herzog@example.org,,,Ul.77320,Ul.77320,06754800,
216,Adriana,Lowe,adriana.lowe@example.org,,,Ul.53691,Ul.53691,37002120,
217,Eliane,Rolfson,eliane.rolfson@example.org,,,Ul.58475,Ul.58475,76965298,
218,Ahmed,Abshire,ahmed.abshire@example.org,,,Ul.28352,Ul.28352,95509267,
219,Alexandro,Reichert,alexandro.reichert@example.org,,,Ul.34947,Ul.34947,99079849,
220,Godfrey,Bartoletti,godfrey.bartoletti@example.org,,,Ul.90388,Ul.90388,88051971,
221,Winifred,Daugherty,winifred.daugherty@example.org,,,Ul.38773,Ul.38773,30149995,
222,Arch,Lind,arch.lind@example.org,,,Ul.65834,Ul.65834,81780141,
223,Brock,Rolfson,brock.rolfson@example.org,,,Ul.31934,Ul.31934,61689667,
224,Mara,Simonis,mara.simonis@example.org,,,Ul.18902,Ul.18902,72624832,
225,Mina,Effertz,mina.effertz@example.org,,,Ul.55783,Ul.55783,32855842,
226,Gardner,Bogisich,gardner.bogisich@example.org,,,Ul.55326,Ul.55326,57518536,
227,Winona,Kutch,winona.kutch@example.org,,,Ul.15248,Ul.15248,83193269,
228,Joesph,Bednar,joesph.bednar@example.org,,,Ul.51202,Ul.51202,54833401,
229,Grayson,Roob,grayson.roob@example.org,,,Ul.72178,Ul.72178,54543517,
230,Claude,Beatty,claude.beatty@example.org,,,Ul.99519,Ul.99519,19703275,
231,Donald,Watsica,donald.watsica@example.org,,,Ul.70523,Ul.70523,82014014,
232,Zoie,Kulas,zoie.kulas@example.org,,,Ul.46521,Ul.46521,62362901,
233,Janet,Legros,janet.legros@example.org,,,Ul.60342,Ul.60342,68500340,
234,Orland,Dach,orland.dach@example.org,,,Ul.52175,Ul.52175,94281646,
235,Lisa,Baumbach,lisa.baumbach@example.org,,,Ul.16692,Ul.16692,38693544,
236,Sage,Marvin,sage.marvin@example.org,,,Ul.36373,Ul.36373,66132134,
237,Tre,Littel,tre.littel@example.org,,,Ul.95847,Ul.95847,68345571,
238,Kyla,Reilly,kyla.reilly@example.org,,,Ul.76164,Ul.76164,41383989,
239,Rosamond,Wisozk,rosamond.wisozk@example.org,,,Ul.91656,Ul.91656,70183285,
240,Celine,Jaskolski,celine.jaskolski@example.org,,,Ul.55210,Ul.55210,67527674,
241,Loyce,Simonis,loyce.simonis@example.org,,,Ul.67069,Ul.67069,09462232,
242,Florian,Hyatt,florian.hyatt@example.org,,,Ul.30774,Ul.30774,67860866,
243,Alana,Hayes,alana.hayes@example.org,,,Ul.46534,Ul.46534,01774885,
244,Arvilla,Carroll,arvilla.carroll@example.org,,,Ul.39408,Ul.39408,58606656,
245,Danny,Yundt,danny.yundt@example.org,,,Ul.68553,Ul.68553,81459613,
246,Hailie,Greenfelder,hailie.greenfelder@example.org,,,Ul.02375,Ul.02375,56451727,
247,Brisa,Fay,brisa.fay@example.org,,,Ul.95180,Ul.95180,04158386,
248,Kane,King,kane.king@example.org,,,Ul.77135,Ul.77135,55699096,
249,Mireille,Brekke,mireille.brekke@example.org,,,Ul.18237,Ul.18237,71674978,
250,Maudie,Wilkinson,maudie.wilkinson@example.org,,,Ul.31769,Ul.31769,65187091,
251,Rodger,Kutch,rodger.kutch@example.org,,,Ul.99623,Ul.99623,82997711,
252,Laury,Ratke,laury.ratke@example.org,,,Ul.33050,Ul.33050,51049965,
253,Kirstin,O'Kon,kirstin.okon@example.org,,,Ul.50463,Ul.50463,07284552,
254,Gavin,Goodwin,gavin.goodwin@example.org,,,Ul.49387,Ul.49387,85843704,
255,Orlo,Hills,orlo.hills@example.org,,,Ul.85056,Ul.85056,87832607,
256,Maurine,Windler,maurine.windler@example.org,,,Ul.47207,Ul.47207,29064762,
257,Jada,Pollich,jada.pollich@example.org,,,Ul.28484,Ul.28484,78345901,
258,Clarissa,Morar,clarissa.morar@example.org,,,Ul.20252,Ul.20252,12601979,
259,Destiney,Miller,destiney.miller@example.org,,,Ul.46172,Ul.46172,49225319,
260,Ila,Schaden,ila.schaden@example.org,,,Ul.43388,Ul.43388,83131636,
261,Demario,Beatty,demario.beatty@example.org,,,Ul.12825,Ul.12825,88873007,
262,Natalia,Beier,natalia.beier@example.org,,,Ul.12215,Ul.12215,93941146,
263,Newell,Walsh,newell.walsh@example.org,,,Ul.79393,Ul.79393,82848462,
264,Taryn,Ledner,taryn.ledner@example.org,,,Ul.96251,Ul.96251,43800826,
265,Louie,Kuhn,louie.kuhn@example.org,,,Ul.47250,Ul.47250,82845305,
266,Esperanza,Gorczany,esperanza.gorczany@example.org,,,Ul.39517,Ul.39517,50786911,
267,Sydnie,Dach,sydnie.dach@example.org,,,Ul.15690,Ul.15690,47724863,
268,Jamar,Hoeger,jamar.hoeger@example.org,,,Ul.72166,Ul.72166,91357986,
269,Izabella,Metz,izabella.metz@example.org,,,Ul.01099,Ul.01099,89352762,
270,Haven,Robel,haven.robel@example.org,,,Ul.55372,Ul.55372,06972673,
271,Jared,Erdman,jared.erdman@example.org,,,Ul.21601,Ul.21601,95281686,
272,Jaunita,Swaniawski,jaunita.swaniawski@example.org,,,Ul.92153,Ul.92153,87973979,
273,Gudrun,Gutmann,gudrun.gutmann@example.org,,,Ul.49796,Ul.49796,31844458,
274,Eva,Crooks,eva.crooks@example.org,,,Ul.43299,Ul.43299,94376101,
275,Terrell,Smith,terrell.smith@example.org,,,Ul.93534,Ul.93534,89687429,
276,Major,Donnelly,major.donnelly@example.org,,,Ul.76081,Ul.76081,31680074,
277,Freeman,Champlin,freeman.champlin@example.org,,,Ul.70018,Ul.70018,61876672,
278,Danial,VonRueden,danial.vonrueden@example.org,,,Ul.22813,Ul.22813,92650572,
279,Jalen,Simonis,jalen.simonis@example.org,,,Ul.14128,Ul.14128,03525411,
280,Chelsey,Cormier,chelsey.cormier@example.org,,,Ul.40656,Ul.40656,17672334,
281,Tomasa,Denesik,tomasa.denesik@example.org,,,Ul.89710,Ul.89710,00244255,
282,Gaylord,Streich,gaylord.streich@example.org,,,Ul.44836,Ul.44836,09099459,
283,Bianka,Bruen,bianka.bruen@example.org,,,Ul.37821,Ul.37821,63187007,
284,Leonora,Bosco,leonora.bosco@example.org,,,Ul.69332,Ul.69332,82157894,
285,Giovani,Renner,giovani.renner@example.org,,,Ul.92899,Ul.92899,96349152,
286,Allison,Pouros,allison.pouros@example.org,,,Ul.16995,Ul.16995,27082225,
287,Jeremy,Larkin,jeremy.larkin@example.org,,,Ul.48280,Ul.48280,01800041,
288,Ora,Konopelski,ora.konopelski@example.org,,,Ul.78534,Ul.78534,52318601,
289,Lloyd,Gulgowski,lloyd.gulgowski@example.org,,,Ul.02363,Ul.02363,21867957,
290,Elva,Keebler,elva.keebler@example.org,,,Ul.86107,Ul.86107,68009001,
291,Rogers,Breitenberg,rogers.breitenberg@example.org,,,Ul.41593,Ul.41593,47173026,
292,Desiree,Wisoky,desiree.wisoky@example.org,,,Ul.90651,Ul.90651,99566242,
293,Julien,Smitham,julien.smitham@example.org,,,Ul.72156,Ul.72156,68349838,
294,Ettie,Hayes,ettie.hayes@example.org,,,Ul.44625,Ul.44625,19456257,
295,Candido,Hermann,candido.hermann@example.org,,,Ul.37340,Ul.37340,88752594,
296,Arno,Sipes,arno.sipes@example.org,,,Ul.04619,Ul.04619,17497190,
297,Tyra,Lind,tyra.lind@example.org,,,Ul.73975,Ul.73975,32268110,
298,Susan,Fay,susan.fay@example.org,,,Ul.39953,Ul.39953,05938043,
299,Reanna,McCullough,reanna.mccullough@example.org,,,Ul.30936,Ul.30936,00161618,
300,Kirstin,Watsica,kirstin.watsica@example.org,,,Ul.92534,Ul.92534,28939429,
301,Hayden,Beahan,hayden.beahan@example.org,,,Ul.25136,Ul.25136,13876024,
302,Carolina,Shields,carolina.shields@example.org,,,Ul.26922,Ul.26922,67626477,
303,Darrin,Lowe,darrin.lowe@example.org,,,Ul.46042,Ul.46042,62268494,
304,Clinton,Gleason,clinton.gleason@example.org,,,Ul.95366,Ul.95366,73854690,
305,Amy,Kuphal,amy.kuphal@example.org,,,Ul.99209,Ul.99209,97878505,
306,Destini,Dach,destini.dach@example.org,,,Ul.59630,Ul.59630,13162244,
307,Kurtis,Ryan,kurtis.ryan@example.org,,,Ul.39566,Ul.39566,99613411,
308,Verdie,Raynor,verdie.raynor@example.org,,,Ul.74760,Ul.74760,64889983,
309,Bartholome,Raynor,bartholome.raynor@example.org,,,Ul.27359,Ul.27359,11373693,
310,Geo,Heidenreich,geo.heidenreich@example.org,,,Ul.86595,Ul.86595,33665964,
311,Garnet,Kihn,garnet.kihn@example.org,,,Ul.55722,Ul.55722,09271731,
312,Efren,Block,efren.block@example.org,,,Ul.67303,Ul.67303,64329254,
313,Daisy,Simonis,daisy.simonis@example.org,,,Ul.96935,Ul.96935,66984920,
314,Marta,Dietrich,marta.dietrich@example.org,,,Ul.38728,Ul.38728,48162296,
315,Jackie,Greenfelder,jackie.greenfelder@example.org,,,Ul.99118,Ul.99118,56137233,
316,Adalberto,Brekke,adalberto.brekke@example.org,,,Ul.40198,Ul.40198,54007198,
317,Deshaun,Moore,deshaun.moore@example.org,,,Ul.22471,Ul.22471,20900131,
318,Chanelle,Larson,chanelle.larson@example.org,,,Ul.37813,Ul.37813,53502460,
319,Elsa,Bahringer,elsa.bahringer@example.org,,,Ul.04552,Ul.04552,50738937,
320,Dario,Runolfsson,dario.runolfsson@example.org,,,Ul.49333,Ul.49333,75468541,
321,Narciso,Casper,narciso.casper@example.org,,,Ul.76352,Ul.76352,56939746,
322,Shyann,Bashirian,shyann.bashirian@example.org,,,Ul.13451,Ul.13451,71806039,
323,Jacquelyn,Koch,jacquelyn.koch@example.org,,,Ul.86871,Ul.86871,48706554,
324,Gwendolyn,Bradtke,gwendolyn.bradtke@example.org,,,Ul.81592,Ul.81592,45320162,
325,Enrico,Rowe,enrico.rowe@example.org,,,Ul.22163,Ul.22163,87994283,
326,Jackie,Gerhold,jackie.gerhold@example.org,,,Ul.25987,Ul.25987,26573574,
327,Maud,Grady,maud.grady@example.org,,,Ul.82431,Ul.82431,89238102,
328,Ewald,Brown,ewald.brown@example.org,,,Ul.90112,Ul.90112,12072760,
329,Kelly,Leannon,kelly.leannon@example.org,,,Ul.47327,Ul.47327,69494820,
330,Flossie,Kozey,flossie.kozey@example.org,,,Ul.68600,Ul.68600,32025949,
331,Ena,Hickle,ena.hickle@example.org,,,Ul.63323,Ul.63323,16356078,
332,Alvera,Fisher,alvera.fisher@example.org,,,Ul.99646,Ul.99646,37614642,
333,Riley,Wiza,riley.wiza@example.org,,,Ul.35682,Ul.35682,33719418,
334,Delia,Kulas,delia.kulas@example.org,,,Ul.16303,Ul.16303,40066076,
335,Stone,White,stone.white@example.org,,,Ul.21329,Ul.21329,72627404,
336,Kamille,Hermiston,kamille.hermiston@example.org,,,Ul.90175,Ul.90175,91561723,
337,Julien,Conn,julien.conn@example.org,,,Ul.30796,Ul.30796,99448571,
338,Deven,Thompson,deven.thompson@example.org,,,Ul.83255,Ul.83255,33209860,
339,Sabrina,Keeling,sabrina.keeling@example.org,,,Ul.63584,Ul.63584,62182461,
340,Loren,Green,loren.green@example.org,,,Ul.50655,Ul.50655,83044432,
341,Kailee,Ondricka,kailee.ondricka@example.org,,,Ul.90593,Ul.90593,93634820,
342,Meggie,Quitzon,meggie.quitzon@example.org,,,Ul.71266,Ul.71266,84551143,
343,Ladarius,Gerhold,ladarius.gerhold@example.org,,,Ul.61877,Ul.61877,34897586,
344,Ana,Barrows,ana.barrows@example.org,,,Ul.22027,Ul.22027,92424764,
345,Zita,Goodwin,zita.goodwin@example.org,,,Ul.02290,Ul.02290,44131819,
346,Zaria,Hahn,zaria.hahn@example.org,,,Ul.08323,Ul.08323,98288010,
347,Ulices,Gleason,ulices.gleason@example.org,,,Ul.31418,Ul.31418,44187819,
348,Willy,Kiehn,willy.kiehn@example.org,,,Ul.40385,Ul.40385,83580802,
349,Patricia,Predovic,patricia.predovic@example.org,,,Ul.52010,Ul.52010,94687465,
350,Olga,Sipes,olga.sipes@example.org,,,Ul.55677,Ul.55677,22170153,
351,Desmond,Borer,desmond.borer@example.org,,,Ul.69864,Ul.69864,72878257,
352,Alec,Gorczany,alec.gorczany@example.org,,,Ul.97674,Ul.97674,71224321,
353,Herminia,Cummings,herminia.cummings@example.org,,,Ul.61828,Ul.61828,22238420,
354,Braden,Gerlach,braden.gerlach@example.org,,,Ul.49952,Ul.49952,86181381,
355,Nicolas,Ruecker,nicolas.ruecker@example.org,,,Ul.59656,Ul.59656,04049478,
356,Olga,Gorczany,olga.gorczany@example.org,,,Ul.23391,Ul.23391,37222613,
357,Darron,Goodwin,darron.goodwin@example.org,,,Ul.33223,Ul.33223,46909144,
358,Myrna,Koch,myrna.koch@example.org,,,Ul.90369,Ul.90369,41663812,
359,Reid,Schuster,reid.schuster@example.org,,,Ul.13231,Ul.13231,57327924,
360,Madisen,Howe,madisen.howe@example.org,,,Ul.12951,Ul.12951,01118245,
361,Lesley,Koss,lesley.koss@example.org,,,Ul.52042,Ul.52042,00393483,
362,Sally,Streich,sally.streich@example.org,,,Ul.85995,Ul.85995,72851623,
363,Theron,Rippin,theron.rippin@example.org,,,Ul.45409,Ul.45409,82052851,
364,Buford,Pfeffer,buford.pfeffer@example.org,,,Ul.68682,Ul.68682,52775701,
365,Bert,Greenfelder,bert.greenfelder@example.org,,,Ul.69069,Ul.69069,69430786,
366,Don,Predovic,don.predovic@example.org,,,Ul.74537,Ul.74537,68441133,
367,Cayla,Heidenreich,cayla.heidenreich@example.org,,,Ul.44281,Ul.44281,48316481,
368,Lina,Marquardt,lina.marquardt@example.org,,,Ul.48975,Ul.48975,77497334,
369,Eusebio,Altenwerth,eusebio.altenwerth@example.org,,,Ul.66047,Ul.66047,23314309,
370,Augustus,Zulauf,augustus.zulauf@example.org,,,Ul.03091,Ul.03091,17646474,
371,Alana,Steuber,alana.steuber@example.org,,,Ul.85824,Ul.85824,63083079,
372,Charlotte,Sporer,charlotte.sporer@example.org,,,Ul.04900,Ul.04900,03614648,
373,Terry,Schaefer,terry.schaefer@example.org,,,Ul.07491,Ul.07491,14574654,
374,Erich,Kemmer,erich.kemmer@example.org,,,Ul.26993,Ul.26993,17352140,
375,Richie,Feil,richie.feil@example.org,,,Ul.74273,Ul.74273,93614049,
376,Elisha,Krajcik,elisha.krajcik@example.org,,,Ul.84032,Ul.84032,55533229,
377,Teagan,Ritchie,teagan.ritchie@example.org,,,Ul.09486,Ul.09486,78991881,
378,Noelia,Hodkiewicz,noelia.hodkiewicz@example.org,,,Ul.08930,Ul.08930,64078818,
379,Javier,Walker,javier.walker@example.org,,,Ul.71546,Ul.71546,66214311,
380,Johnny,Medhurst,johnny.medhurst@example.org,,,Ul.74508,Ul.74508,76507023,
381,Joshua,Heidenreich,joshua.heidenreich@example.org,,,Ul.10591,Ul.10591,15733951,
382,Karl,Wolf,karl.wolf@example.org,,,Ul.60867,Ul.60867,89148211,
383,Drake,Dibbert,drake.dibbert@example.org,,,Ul.94631,Ul.94631,11964725,
384,Dayana,Strosin,dayana.strosin@example.org,,,Ul.94813,Ul.94813,04613608,
385,Friedrich,Schaden,friedrich.schaden@example.org,,,Ul.83982,Ul.83982,60283067,
386,Marisol,Considine,marisol.considine@example.org,,,Ul.35221,Ul.35221,35136140,
387,Jonathan,Turcotte,jonathan.turcotte@example.org,,,Ul.21922,Ul.21922,67353104,
388,Mallie,Legros,mallie.legros@example.org,,,Ul.91048,Ul.91048,73703931,
389,Edgar,Ernser,edgar.ernser@example.org,,,Ul.45674,Ul.45674,27011087,
390,Keagan,Braun,keagan.braun@example.org,,,Ul.03892,Ul.03892,40924045,
391,Kiana,Legros,kiana.legros@example.org,,,Ul.44512,Ul.44512,71298050,
392,Clementina,Lockman,clementina.lockman@example.org,,,Ul.37431,Ul.37431,28819214,
393,Roderick,Bahringer,roderick.bahringer@example.org,,,Ul.35056,Ul.35056,10874103,
394,Georgette,Weissnat,georgette.weissnat@example.org,,,Ul.99152,Ul.99152,32059858,
395,Sharon,McClure,sharon.mcclure@example.org,,,Ul.44122,Ul.44122,90452696,
396,Lorenzo,Fritsch,lorenzo.fritsch@example.org,,,Ul.62779,Ul.62779,44881213,
397,Maudie,Will,maudie.will@example.org,,,Ul.13695,Ul.13695,17703387,
398,Sally,Feest,sally.feest@example.org,,,Ul.88828,Ul.88828,83650300,
399,Tillman,Ebert,tillman.ebert@example.org,,,Ul.36896,Ul.36896,14840809,
400,Luciano,Schaefer,luciano.schaefer@example.org,,,Ul.50903,Ul.50903,40771473,
401,Holden,Hermiston,holden.hermiston@example.org,,,Ul.99196,Ul.99196,21663765,
402,Kenyon,Green,kenyon.green@example.org,,,Ul.24747,Ul.24747,64813522,
403,Mercedes,Parisian,mercedes.parisian@example.org,,,Ul.47685,Ul.47685,51306155,
404,Tevin,McGlynn,tevin.mcglynn@example.org,,,Ul.27953,Ul.27953,22421591,
405,Greta,Murphy,greta.murphy@example.org,,,Ul.94168,Ul.94168,01765515,
406,Isac,Haley,isac.haley@example.org,,,Ul.27348,Ul.27348,01656146,
407,Lambert,Gerlach,lambert.gerlach@example.org,,,Ul.25706,Ul.25706,42358382,
408,Jolie,Lockman,jolie.lockman@example.org,,,Ul.79836,Ul.79836,17187465,
409,Nigel,Huels,nigel.huels@example.org,,,Ul.76995,Ul.76995,76673714,
410,Amina,Bins,amina.bins@example.org,,,Ul.13966,Ul.13966,39585577,
411,Kaleigh,Denesik,kaleigh.denesik@example.org,,,Ul.60409,Ul.60409,02070016,
412,Lula,Walsh,lula.walsh@example.org,,,Ul.29617,Ul.29617,92228484,
413,Darrel,Mante,darrel.mante@example.org,,,Ul.94479,Ul.94479,48036915,
414,Bartholome,Lockman,bartholome.lockman@example.org,,,Ul.56634,Ul.56634,98669107,
415,Rebeca,Wolff,rebeca.wolff@example.org,,,Ul.76682,Ul.76682,90984323,
416,Elouise,Reichel,elouise.reichel@example.org,,,Ul.44389,Ul.44389,39375568,
417,Stefan,Corkery,stefan.corkery@example.org,,,Ul.21569,Ul.21569,42083819,
418,Cecile,Gislason,cecile.gislason@example.org,,,Ul.47317,Ul.47317,23688953,
419,Julie,Schuster,julie.schuster@example.org,,,Ul.21479,Ul.21479,49546802,
420,Rhiannon,Lubowitz,rhiannon.lubowitz@example.org,,,Ul.37601,Ul.37601,12079988,
421,Savanah,Lesch,savanah.lesch@example.org,,,Ul.59973,Ul.59973,71455966,
422,Emanuel,Labadie,emanuel.labadie@example.org,,,Ul.73262,Ul.73262,31172272,
423,Allison,Hartmann,allison.hartmann@example.org,,,Ul.01237,Ul.01237,58264180,
424,Cassie,Conroy,cassie.conroy@example.org,,,Ul.36912,Ul.36912,56371565,
425,Angie,Powlowski,angie.powlowski@example.org,,,Ul.69916,Ul.69916,18033922,
426,Irwin,Wolff,irwin.wolff@example.org,,,Ul.96066,Ul.96066,32113919,
427,Fiona,Rohan,fiona.rohan@example.org,,,Ul.10310,Ul.10310,61001564,
428,Guillermo,Homenick,guillermo.homenick@example.org,,,Ul.84766,Ul.84766,94070360,
429,Gilbert,Shanahan,gilbert.shanahan@example.org,,,Ul.77021,Ul.77021,41247057,
430,Miller,Simonis,miller.simonis@example.org,,,Ul.26826,Ul.26826,80746556,
431,Maryam,Schmitt,maryam.schmitt@example.org,,,Ul.86960,Ul.86960,58149181,
432,Kylie,Ruecker,kylie.ruecker@example.org,,,Ul.08934,Ul.08934,19647333,
433,Brayan,Hegmann,brayan.hegmann@example.org,,,Ul.41357,Ul.41357,69448315,
434,Macy,Daniel,macy.daniel@example.org,,,Ul.48222,Ul.48222,67324721,
435,Ara,Feil,ara.feil@example.org,,,Ul.66654,Ul.66654,94673170,
436,Anya,Langosh,anya.langosh@example.org,,,Ul.45317,Ul.45317,73203245,
437,Bud,Green,bud.green@example.org,,,Ul.96116,Ul.96116,67570858,
438,Casandra,Hermann,casandra.hermann@example.org,,,Ul.82144,Ul.82144,37463223,
439,Roderick,Weber,roderick.weber@example.org,,,Ul.84880,Ul.84880,19498040,
440,Alexys,Luettgen,alexys.luettgen@example.org,,,Ul.30845,Ul.30845,95390073,
441,Christina,Greenfelder,christina.greenfelder@example.org,,,Ul.10646,Ul.10646,48922495,
442,Corene,Rolfson,corene.rolfson@example.org,,,Ul.37961,Ul.37961,40106978,
443,Norval,Waters,norval.waters@example.org,,,Ul.82987,Ul.82987,08680122,
444,Dawn,Dickinson,dawn.dickinson@example.org,,,Ul.28064,Ul.28064,71023043,
445,Philip,Predovic,philip.predovic@example.org,,,Ul.37679,Ul.37679,26953768,
446,Hayley,Lind,hayley.lind@example.org,,,Ul.76116,Ul.76116,00425467,
447,Juliana,Howe,juliana.howe@example.org,,,Ul.53370,Ul.53370,98698663,
448,Elizabeth,Anderson,elizabeth.anderson@example.org,,,Ul.83828,Ul.83828,38167059,
449,Jean,VonRueden,jean.vonrueden@example.org,,,Ul.42317,Ul.42317,81360556,
450,Laurine,Predovic,laurine.predovic@example.org,,,Ul.24259,Ul.24259,00091503,
451,Art,Batz,art.batz@example.org,,,Ul.82696,Ul.82696,20621801,
452,Rosemarie,Spinka,rosemarie.spinka@example.org,,,Ul.30010,Ul.30010,03759296,
453,Kaylie,Bayer,kaylie.bayer@example.org,,,Ul.30283,Ul.30283,81842025,
454,Ezequiel,Hudson,ezequiel.hudson@example.org,,,Ul.61264,Ul.61264,16310639,
455,Nikki,Nolan,nikki.nolan@example.org,,,Ul.55516,Ul.55516,44538246,
456,Elyssa,Champlin,elyssa.champlin@example.org,,,Ul.66056,Ul.66056,40513364,
457,Waino,Champlin,waino.champlin@example.org,,,Ul.86899,Ul.86899,33675289,
458,Hermann,Corwin,hermann.corwin@example.org,,,Ul.18298,Ul.18298,76110910,
459,Nicolas,Jaskolski,nicolas.jaskolski@example.org,,,Ul.52569,Ul.52569,25977669,
460,Abel,Dickinson,abel.dickinson@example.org,,,Ul.43363,Ul.43363,98249375,
461,Gabe,Abshire,gabe.abshire@example.org,,,Ul.15236,Ul.15236,03202755,
462,Magdalen,Lehner,magdalen.lehner@example.org,,,Ul.26672,Ul.26672,09554641,
463,Tia,Ullrich,tia.ullrich@example.org,,,Ul.98041,Ul.98041,15301479,
464,Eulah,Becker,eulah.becker@example.org,,,Ul.88249,Ul.88249,92748894,
465,Amie,Sawayn,amie.sawayn@example.org,,,Ul.34434,Ul.34434,87419726,
466,Johan,Yundt,johan.yundt@example.org,,,Ul.32420,Ul.32420,29356153,
467,May,Walker,may.walker@example.org,,,Ul.48788,Ul.48788,37812503,
468,Octavia,Marvin,octavia.marvin@example.org,,,Ul.09683,Ul.09683,41360373,
469,Anahi,Wisozk,anahi.wisozk@example.org,,,Ul.70960,Ul.70960,00994204,
470,Sabrina,Lehner,sabrina.lehner@example.org,,,Ul.00751,Ul.00751,05396998,
471,Stella,Crona,stella.crona@example.org,,,Ul.85761,Ul.85761,86660260,
472,Ambrose,Cruickshank,ambrose.cruickshank@example.org,,,Ul.56434,Ul.56434,80637684,
473,Margarita,Schmeler,margarita.schmeler@example.org,,,Ul.47040,Ul.47040,85136105,
474,Orlo,Schaefer,orlo.schaefer@example.org,,,Ul.70367,Ul.70367,71253713,
475,Izaiah,Hills,izaiah.hills@example.org,,,Ul.42392,Ul.42392,64387510,
476,Manley,Cremin,manley.cremin@example.org,,,Ul.64846,Ul.64846,81272493,
477,Mona,Mills,mona.mills@example.org,,,Ul.25886,Ul.25886,91682872,
478,Hollie,Nader,hollie.nader@example.org,,,Ul.76072,Ul.76072,42456913,
479,Princess,Wolff,princess.wolff@example.org,,,Ul.61820,Ul.61820,67260842,
480,King,Stanton,king.stanton@example.org,,,Ul.98157,Ul.98157,20999273,
481,Jadyn,Huel,jadyn.huel@example.org,,,Ul.92771,Ul.92771,24747106,
482,Jane,Strosin,jane.strosin@example.org,,,Ul.59839,Ul.59839,84418120,
483,Harley,Schneider,harley.schneider@example.org,,,Ul.89461,Ul.89461,49026289,
484,Sandra,Robel,sandra.robel@example.org,,,Ul.46148,Ul.46148,52862166,
485,Kirstin,Hermiston,kirstin.hermiston@example.org,,,Ul.59492,Ul.59492,46982123,
486,Oswaldo,Vandervort,oswaldo.vandervort@example.org,,,Ul.64946,Ul.64946,95169051,
487,Sandra,Rosenbaum,sandra.rosenbaum@example.org,,,Ul.79362,Ul.79362,36343344,
488,Madelynn,Klein,madelynn.klein@example.org,,,Ul.51441,Ul.51441,31525150,
489,Ole,Koelpin,ole.koelpin@example.org,,,Ul.50083,Ul.50083,68221005,
490,Mozell,Homenick,mozell.homenick@example.org,,,Ul.17405,Ul.17405,46567113,
491,Rebecca,Reynolds,rebecca.reynolds@example.org,,,Ul.37872,Ul.37872,38020293,
492,Elian,Goldner,elian.goldner@example.org,,,Ul.39981,Ul.39981,02998332,
493,Hertha,Balistreri,hertha.balistreri@example.org,,,Ul.51420,Ul.51420,32346179,
494,Marisol,Prohaska,marisol.prohaska@example.org,,,Ul.54630,Ul.54630,70081552,
495,Humberto,Terry,humberto.terry@example.org,,,Ul.15879,Ul.15879,99447634,
496,Efren,Wuckert,efren.wuckert@example.org,,,Ul.57079,Ul.57079,01471165,
497,Viviane,Crona,viviane.crona@example.org,,,Ul.94991,Ul.94991,68537181,
498,Jaylen,Barton,jaylen.barton@example.org,,,Ul.04252,Ul.04252,61389994,
499,Tremaine,Kuphal,tremaine.kuphal@example.org,,,Ul.16994,Ul.16994,97011026,
500,Eda,Rau,eda.rau@example.org,,,Ul.90396,Ul.90396,13609132,
501,Cindy,Nader,cindy.nader@example.org,,,Ul.03640,Ul.03640,83848037,
502,Khalid,Daugherty,khalid.daugherty@example.org,,,Ul.25174,Ul.25174,87319584,
503,Clara,Effertz,clara.effertz@example.org,,,Ul.48271,Ul.48271,83155512,
504,Julien,Kuvalis,julien.kuvalis@example.org,,,Ul.34908,Ul.34908,93257976,
505,Kaya,Roob,kaya.roob@example.org,,,Ul.66123,Ul.66123,26801539,
506,Carleton,Kohler,carleton.kohler@example.org,,,Ul.56048,Ul.56048,47869010,
507,Herman,Runolfsson,herman.runolfsson@example.org,,,Ul.18678,Ul.18678,61741963,
508,Mac,Herman,mac.herman@example.org,,,Ul.29238,Ul.29238,10000399,
509,Jalyn,Hegmann,jalyn.hegmann@example.org,,,Ul.36984,Ul.36984,68338802,
510,Kamille,Purdy,kamille.purdy@example.org,,,Ul.38732,Ul.38732,93373109,
511,Llewellyn,Heidenreich,llewellyn.heidenreich@example.org,,,Ul.50812,Ul.50812,47848827,
512,Emerald,Wisoky,emerald.wisoky@example.org,,,Ul.01060,Ul.01060,94832104,
513,Jace,Gibson,jace.gibson@example.org,,,Ul.13421,Ul.13421,34293165,
514,Alexa,Hammes,alexa.hammes@example.org,,,Ul.41419,Ul.41419,02263856,
515,Vincenzo,Murphy,vincenzo.murphy@example.org,,,Ul.68730,Ul.68730,12531898,
516,Flavio,Bauch,flavio.bauch@example.org,,,Ul.30214,Ul.30214,33960011,
517,Russel,Morar,russel.morar@example.org,,,Ul.15901,Ul.15901,87822924,
518,Justen,Morissette,justen.morissette@example.org,,,Ul.64967,Ul.64967,56810162,
519,Treva,Kertzmann,treva.kertzmann@example.org,,,Ul.30933,Ul.30933,93690580,
520,Malika,Hegmann,malika.hegmann@example.org,,,Ul.95346,Ul.95346,49862259,
521,Andreane,Batz,andreane.batz@example.org,,,Ul.65199,Ul.65199,75478057,
522,Haleigh,Hodkiewicz,haleigh.hodkiewicz@example.org,,,Ul.46708,Ul.46708,13170209,
523,Priscilla,Jacobs,priscilla.jacobs@example.org,,,Ul.38469,Ul.38469,15680983,
524,Nola,Kulas,nola.kulas@example.org,,,Ul.34948,Ul.34948,43245915,
525,Isom,Lebsack,isom.lebsack@example.org,,,Ul.66226,Ul.66226,38276704,
526,Alexa,Jerde,alexa.jerde@example.org,,,Ul.20773,Ul.20773,04935415,
527,Marilyne,Lehner,marilyne.lehner@example.org,,,Ul.63676,Ul.63676,32656152,
528,Friedrich,Cummerata,friedrich.cummerata@example.org,,,Ul.17672,Ul.17672,08233104,
529,Kyler,Kub,kyler.kub@example.org,,,Ul.02512,Ul.02512,92585283,
530,Jensen,Rolfson,jensen.rolfson@example.org,,,Ul.90635,Ul.90635,98349962,
531,Brady,Stoltenberg,brady.stoltenberg@example.org,,,Ul.33096,Ul.33096,49175631,
532,Arjun,Blick,arjun.blick@example.org,,,Ul.76128,Ul.76128,71839466,
533,Tremayne,Gislason,tremayne.gislason@example.org,,,Ul.67714,Ul.67714,40622539,
534,Florencio,Herman,florencio.herman@example.org,,,Ul.99686,Ul.99686,26247945,
535,Nettie,Murray,nettie.murray@example.org,,,Ul.98421,Ul.98421,80398868,
536,Kaia,Wiegand,kaia.wiegand@example.org,,,Ul.86360,Ul.86360,78535627,
537,Alvina,Schmeler,alvina.schmeler@example.org,,,Ul.93350,Ul.93350,07714977,
538,Paige,DuBuque,paige.dubuque@example.org,,,Ul.94170,Ul.94170,93551493,
539,Dillan,Ratke,dillan.ratke@example.org,,,Ul.97501,Ul.97501,60383503,
540,Hans,Cremin,hans.cremin@example.org,,,Ul.07534,Ul.07534,06271441,
541,Coralie,Stiedemann,coralie.stiedemann@example.org,,,Ul.19981,Ul.19981,21596294,
542,Elna,Bernier,elna.bernier@example.org,,,Ul.18261,Ul.18261,35299376,
543,Karley,Wintheiser,karley.wintheiser@example.org,,,Ul.56711,Ul.56711,22874341,
544,Sid,Hackett,sid.hackett@example.org,,,Ul.49688,Ul.49688,59535376,
545,Alessandro,Greenholt,alessandro.greenholt@example.org,,,Ul.86186,Ul.86186,85103376,
546,Jonatan,Jacobi,jonatan.jacobi@example.org,,,Ul.23221,Ul.23221,50084492,
547,Gussie,Legros,gussie.legros@example.org,,,Ul.15196,Ul.15196,72891898,
548,Aidan,Erdman,aidan.erdman@example.org,,,Ul.51109,Ul.51109,08515435,
549,Frederique,Johnson,frederique.johnson@example.org,,,Ul.48367,Ul.48367,15344793,
550,Fern,Dibbert,fern.dibbert@example.org,,,Ul.00199,Ul.00199,82950802,
551,Luisa,Rath,luisa.rath@example.org,,,Ul.24027,Ul.24027,51275186,
552,Zachery,Cummings,zachery.cummings@example.org,,,Ul.72535,Ul.72535,04288414,
553,Rodolfo,Halvorson,rodolfo.halvorson@example.org,,,Ul.93913,Ul.93913,72536313,
554,Dale,Rolfson,dale.rolfson@example.org,,,Ul.68191,Ul.68191,08251360,
555,Carole,Hintz,carole.hintz@example.org,,,Ul.92310,Ul.92310,24566905,
556,Kellie,Corkery,kellie.corkery@example.org,,,Ul.89585,Ul.89585,13141706,
557,Gabrielle,Mann,gabrielle.mann@example.org,,,Ul.25310,Ul.25310,33239371,
558,Kaylee,Rosenbaum,kaylee.rosenbaum@example.org,,,Ul.19752,Ul.19752,84542454,
559,Waino,Macejkovic,waino.macejkovic@example.org,,,Ul.75423,Ul.75423,41375537,
560,Alphonso,Bartell,alphonso.bartell@example.org,,,Ul.34630,Ul.34630,72736715,
561,Aurelia,Feest,aurelia.feest@example.org,,,Ul.05308,Ul.05308,26728061,
562,Lily,Botsford,lily.botsford@example.org,,,Ul.63884,Ul.63884,94574255,
563,Eliseo,Jakubowski,eliseo.jakubowski@example.org,,,Ul.77751,Ul.77751,61146117,
564,Eula,Dickens,eula.dickens@example.org,,,Ul.33647,Ul.33647,45523480,
565,Columbus,Spencer,columbus.spencer@example.org,,,Ul.68636,Ul.68636,33657633,
566,Jaida,Zieme,jaida.zieme@example.org,,,Ul.60758,Ul.60758,17032230,
567,Hans,Rohan,hans.rohan@example.org,,,Ul.21301,Ul.21301,64332173,
568,Ocie,Stanton,ocie.stanton@example.org,,,Ul.50789,Ul.50789,54566016,
569,Margarita,O'Keefe,margarita.okeefe@example.org,,,Ul.56695,Ul.56695,33595431,
570,Maia,Bailey,maia.bailey@example.org,,,Ul.13244,Ul.13244,01146157,
571,Vincent,Braun,vincent.braun@example.org,,,Ul.13537,Ul.13537,49240733,
572,Randi,Zemlak,randi.zemlak@example.org,,,Ul.67734,Ul.67734,36713707,
573,Beulah,Bartoletti,beulah.bartoletti@example.org,,,Ul.36517,Ul.36517,86804439,
574,Tatyana,Pouros,tatyana.pouros@example.org,,,Ul.00913,Ul.00913,56588888,
575,Una,Pouros,una.pouros@example.org,,,Ul.40327,Ul.40327,77856916,
576,Sarina,Runolfsson,sarina.runolfsson@example.org,,,Ul.24971,Ul.24971,54698689,
577,Giovanna,Ward,giovanna.ward@example.org,,,Ul.61366,Ul.61366,08121076,
578,Noble,Mueller,noble.mueller@example.org,,,Ul.15116,Ul.15116,28362074,
579,Annie,Daniel,annie.daniel@example.org,,,Ul.67376,Ul.67376,86772877,
580,Maurine,Hegmann,maurine.hegmann@example.org,,,Ul.44221,Ul.44221,60016047,
581,Jovani,Jast,jovani.jast@example.org,,,Ul.17078,Ul.17078,03845974,
582,Jenifer,Davis,jenifer.davis@example.org,,,Ul.96438,Ul.96438,40075036,
583,Devon,Feeney,devon.feeney@example.org,,,Ul.59262,Ul.59262,41788340,
584,Ova,Bernier,ova.bernier@example.org,,,Ul.73207,Ul.73207,82483644,
585,Emery,Turcotte,emery.turcotte@example.org,,,Ul.72407,Ul.72407,64318997,
586,Daniella,Bergnaum,daniella.bergnaum@example.org,,,Ul.04120,Ul.04120,92029911,
587,Jeanne,Harvey,jeanne.harvey@example.org,,,Ul.40408,Ul.40408,75848614,
588,Randall,Smith,randall.smith@example.org,,,Ul.12624,Ul.12624,19419843,
589,Doug,Lebsack,doug.lebsack@example.org,,,Ul.11840,Ul.11840,29415103,
590,Gianni,Kunde,gianni.kunde@example.org,,,Ul.41032,Ul.41032,42436161,
591,Calista,Hettinger,calista.hettinger@example.org,,,Ul.14463,Ul.14463,64748395,
592,Sage,Simonis,sage.simonis@example.org,,,Ul.98027,Ul.98027,85953141,
593,Immanuel,Paucek,immanuel.paucek@example.org,,,Ul.57890,Ul.57890,37692924,
594,Katrine,Bernier,katrine.bernier@example.org,,,Ul.90596,Ul.90596,58326560,
595,Mable,Abbott,mable.abbott@example.org,,,Ul.05740,Ul.05740,97686450,
596,Lizzie,Moore,lizzie.moore@example.org,,,Ul.62680,Ul.62680,94929692,
597,Adelia,Nikolaus,adelia.nikolaus@example.org,,,Ul.81545,Ul.81545,33137193,
598,Terrance,VonRueden,terrance.vonrueden@example.org,,,Ul.58903,Ul.58903,06370788,
599,Caesar,Hagenes,caesar.hagenes@example.org,,,Ul.79223,Ul.79223,86671614,
600,Vladimir,Eichmann,vladimir.eichmann@example.org,,,Ul.99556,Ul.99556,65807941,
